Well Position,Name,Sequence
A1,tube_r_cal_50.5_nm_2.1,ACGCCAGCTGGCGGGGGAAAGGAACCCTAAAGGGAGAATCCCTCC TTTTTTTT TGTATACA
A2,tube_r_cal_50.5_nm_2.2,GCTGCGGCGAGCGGAAGCATATTATCCGCTCACAATGCGATTATT TTTTTTTT GCGC
A3,tube_r_cal_50.5_nm_2.3,ACACGACTTATCGCTGTTCCGGGCGTTTCCCCCTGGGGTAATACG TTTTTTTT GCGC
A4,tube_r_cal_50.5_nm_2.4,AGCGATCTGTCTAAAGATCCTGCAGCAGATTACGCGTAACAGGAG TTTTTTTT TGTATACA
A5,tube_r_cal_50.5_nm_2.5,GCATAATTCTCTTGCAACGTTAGCTAGAGTAAGTAGCTGACTCTC TTTTTTTT GCGC
A6,tube_r_cal_50.5_nm_2.6,GCGCACATTTCCCCATCTTTTGATGTAACCCACTCGATGCTTTCT TTTTTTTT GCGC
A7,tube_r_cal_50.5_nm_4.1,TCATAGCTGTTTCTAACGCCAGGGCGATCGGTGCGACGTGGCGGG
A8,tube_r_cal_50.5_nm_4.2,AACCCGACAGGACCCACAGAGCTCACTGACTCGCTAAGCCTGGGG
A9,tube_r_cal_50.5_nm_4.3,GGTAGCGGTGGTTGAGCGAGTAACTATCGTCTTGACGCTTACCGA
A10,tube_r_cal_50.5_nm_4.4,ATCCAGTCTATTATGTAGATCCAATGCTTAATCAGTTTCTACGCT
A11,tube_r_cal_50.5_nm_4.5,ATCTTACCGCTGTCTGGTGAAGTGTTATCACTCATTTGCTACACC
A12,tube_r_cal_50.5_nm_4.6,TCGAGGTGCCGTACAAAAGATATTTAGAAAAATAACCAGCGTTGG
B1,tube_r_cal_50.5_nm_6.1,CCATTCAGGCTGCAAGGGAAGGAACCATCACCCTAAGAGATAGGT TTTTTTTT ATCTAGAT
B2,tube_r_cal_50.5_nm_6.2,CGTATTGGGCGCTAATGAGTGCTGGAGAATTCGCGCTCCCAGTCG TTTTTTTTTTTTTTTTTT TAGCTA
B3,tube_r_cal_50.5_nm_6.3,CAGCCCGACCGCTTGTCCGCCAAAAATCGACGCTCAGATAACGTG TTTTTTTTTTTTTTTTTT GCATGC
B4,tube_r_cal_50.5_nm_6.4,TATGAGTAAACTTACGCTCAGAGCTCTTGATCCGGCGGCGGTGTT TTTTTTTT ATCTAGAT
B5,tube_r_cal_50.5_nm_6.5,ATCGTTGTCAGAATGGTGTCAAGAAGTGGTCCTGCAATACGGGTA TTTTTTTTTTTTTTTTTT TAGCTA
B6,tube_r_cal_50.5_nm_6.6,CTCATGAGCGGATGAGCAAAAAAACGTTCTTCGGGGACCAAGTCG TTTTTTTTTTTTTTTTTT GCATGC
B7,tube_r_cal_50.5_nm_8.1,CGACGGCCAGTGATTGTAAAAATGCGCCGCTACAGAAGGAGCGCG
B8,tube_r_cal_50.5_nm_8.2,GGCTCCGCCCCCCGAACATGATCGGCCAACGCGCGTCACATTAAA
B9,tube_r_cal_50.5_nm_8.3,CAGTTACCTTCGGGTTCTTGAAGCTGGGCTGTGTGCTTCGGGATA
B10,tube_r_cal_50.5_nm_8.4,ACCAGCCAGCCGGACCATCTAAATGAAGTTTTAAAAAAACTCAGC
B11,tube_r_cal_50.5_nm_8.5,GAACTTTAAAAGTAGAATAGAAAAAAGCGGTTAGCCGTTTGGTAA
B12,tube_r_cal_50.5_nm_8.6,TCTATCAGGGCGATGTTGTTTATTATTGAAGCATTGGCAAAATCA
C1,tube_r_cal_50.5_nm_10.1,GCGTAACCACCACGGGCGCTGTGGACTCCAACGTCAGGAACAATT TTTTTTTT TCTATAGA
C2,tube_r_cal_50.5_nm_10.2,ACCTGTCGTGCCATGCGCTCAATTCGCGCTTGGCGTCCAGTGAGC TTTTTTTTTTTTTTTTTTTTTTTTTTTTTTTTT ATGATCAT
C3,tube_r_cal_50.5_nm_10.3,TCAGTTCGGTGTACGCTTTCTAAAAGGCCGCGTTGCAAGGCCAAA TTTTTTTTTTTTTTTTTTTTTTTTTTTTTTTTT ATTATAAT
C4,tube_r_cal_50.5_nm_10.4,TCTTCACCTAGATGGATTTTGCAGTATTTGGTATCTGGCCTAATC TTTTTTTT TCTATAGA
C5,tube_r_cal_50.5_nm_10.5,GAGTTACATGATCCATTCAGCGCTCACCGGCTCCAGGTGCTGCGA TTTTTTTTTTTTTTTTTTTTTTTTTTTTTTTTT ATGATCAT
C6,tube_r_cal_50.5_nm_10.6,GAATACTCATACTAAAAGGGACAATACGGGATAATAGGCGACCGC TTTTTTTTTTTTTTTTTTTTTTTTTTTTTTTTT ATTATAAT
