container_8T_XXL_2.1,ACGCCAGCTGGCGGGGGAAAGGAACCCTAAAGGGAGAATCCCTCCTTTTTTTTGCGC
container_8T_XXL_2.2,GCTGCGGCGAGCGGAAGCATATTATCCGCTCACAATGCGATTATTTTTTTTTTGCGC
container_8T_XXL_2.3,ACACGACTTATCGCTGTTCCGGGCGTTTCCCCCTGGGGTAATACGTTTTTTTTGCGC
container_8T_XXL_2.4,AGCGATCTGTCTAAAGATCCTGCAGCAGATTACGCGTAACAGGAGTTTTTTTTGCGC
container_8T_XXL_2.5,GCATAATTCTCTTGCAACGTTAGCTAGAGTAAGTAGCTGACTCTCTTTTTTTTGCGC
container_8T_XXL_2.6,GCGCACATTTCCCCATCTTTTGATGTAACCCACTCGATGCTTTCTTTTTTTTTGCGC
container_8T_XXL_4.1,TCATAGCTGTTTCTAACGCCAGGGCGATCGGTGCGACGTGGCGGGTTTTTTTTTAGCTA
container_8T_XXL_4.2,AACCCGACAGGACCCACAGAGCTCACTGACTCGCTAAGCCTGGGGTTTTTTTTTAGCTA
container_8T_XXL_4.3,GGTAGCGGTGGTTGAGCGAGTAACTATCGTCTTGACGCTTACCGATTTTTTTTTAGCTA
container_8T_XXL_4.4,ATCCAGTCTATTATGTAGATCCAATGCTTAATCAGTTTCTACGCTTTTTTTTTTAGCTA
container_8T_XXL_4.5,ATCTTACCGCTGTCTGGTGAAGTGTTATCACTCATTTGCTACACCTTTTTTTTTAGCTA
container_8T_XXL_4.6,TCGAGGTGCCGTACAAAAGATATTTAGAAAAATAACCAGCGTTGGTTTTTTTTTAGCTA
container_8T_XXL_6.1,CCATTCAGGCTGCAAGGGAAGGAACCATCACCCTAAGAGATAGGTTTTTTTTTGCATGC
container_8T_XXL_6.2,CGTATTGGGCGCTAATGAGTGCTGGAGAATTCGCGCTCCCAGTCGTTTTTTTTGCATGC
container_8T_XXL_6.3,CAGCCCGACCGCTTGTCCGCCAAAAATCGACGCTCAGATAACGTGTTTTTTTTGCATGC
container_8T_XXL_6.4,TATGAGTAAACTTACGCTCAGAGCTCTTGATCCGGCGGCGGTGTTTTTTTTTTGCATGC
container_8T_XXL_6.5,ATCGTTGTCAGAATGGTGTCAAGAAGTGGTCCTGCAATACGGGTATTTTTTTTGCATGC
container_8T_XXL_6.6,CTCATGAGCGGATGAGCAAAAAAACGTTCTTCGGGGACCAAGTCGTTTTTTTTGCATGC
container_8T_XXL_8.1,CGACGGCCAGTGATTGTAAAAATGCGCCGCTACAGAAGGAGCGCGTTTTTTTTATGATCAT
container_8T_XXL_8.2,GGCTCCGCCCCCCGAACATGATCGGCCAACGCGCGTCACATTAAATTTTTTTTATGATCAT
container_8T_XXL_8.3,CAGTTACCTTCGGGTTCTTGAAGCTGGGCTGTGTGCTTCGGGATATTTTTTTTATGATCAT
container_8T_XXL_8.4,ACCAGCCAGCCGGACCATCTAAATGAAGTTTTAAAAAAACTCAGCTTTTTTTTATGATCAT
container_8T_XXL_8.5,GAACTTTAAAAGTAGAATAGAAAAAAGCGGTTAGCCGTTTGGTAATTTTTTTTATGATCAT
container_8T_XXL_8.6,TCTATCAGGGCGATGTTGTTTATTATTGAAGCATTGGCAAAATCATTTTTTTTATGATCAT
container_8T_XXL_10.1,GCGTAACCACCACGGGCGCTGTGGACTCCAACGTCAGGAACAATTTTTTTTTTTATTATAAT
container_8T_XXL_10.2,ACCTGTCGTGCCATGCGCTCAATTCGCGCTTGGCGTCCAGTGAGCTTTTTTTTTATTATAAT
container_8T_XXL_10.3,TCAGTTCGGTGTACGCTTTCTAAAAGGCCGCGTTGCAAGGCCAAATTTTTTTTTATTATAAT
container_8T_XXL_10.4,TCTTCACCTAGATGGATTTTGCAGTATTTGGTATCTGGCCTAATCTTTTTTTTTATTATAAT
container_8T_XXL_10.5,GAGTTACATGATCCATTCAGCGCTCACCGGCTCCAGGTGCTGCGATTTTTTTTTATTATAAT
container_8T_XXL_10.6,GAATACTCATACTAAAAGGGACAATACGGGATAATAGGCGACCGCTTTTTTTTTATTATAAT