planes_8T_2.1,ACGCCAGCTGGCGGGGGAAAGGAACCCTAAAGGGAGAATCCCTCC TTTTTTTT    TGTATACA
planes_8T_2.2,GCTGCGGCGAGCGGAAGCATATTATCCGCTCACAATGCGATTATT TTTTTTTT    TGTATACA
planes_8T_2.3,ACACGACTTATCGCTGTTCCGGGCGTTTCCCCCTGGGGTAATACG TTTTTTTT    TGTATACA
planes_8T_2.4,AGCGATCTGTCTAAAGATCCTGCAGCAGATTACGCGTAACAGGAG TTTTTTTT    TGTATACA
planes_8T_2.5,GCATAATTCTCTTGCAACGTTAGCTAGAGTAAGTAGCTGACTCTC TTTTTTTT    TGTATACA
planes_8T_2.6,GCGCACATTTCCCCATCTTTTGATGTAACCCACTCGATGCTTTCT TTTTTTTT    TGTATACA
planes_8T_4.1,TCATAGCTGTTTCTAACGCCAGGGCGATCGGTGCGACGTGGCGGG TTTTTTTT    ATGATCAT
planes_8T_4.2,AACCCGACAGGACCCACAGAGCTCACTGACTCGCTAAGCCTGGGG TTTTTTTT    ATGATCAT
planes_8T_4.3,GGTAGCGGTGGTTGAGCGAGTAACTATCGTCTTGACGCTTACCGA TTTTTTTT    ATGATCAT
planes_8T_4.4,ATCCAGTCTATTATGTAGATCCAATGCTTAATCAGTTTCTACGCT TTTTTTTT    ATGATCAT
planes_8T_4.5,ATCTTACCGCTGTCTGGTGAAGTGTTATCACTCATTTGCTACACC TTTTTTTT    ATGATCAT
planes_8T_4.6,TCGAGGTGCCGTACAAAAGATATTTAGAAAAATAACCAGCGTTGG TTTTTTTT    ATGATCAT
planes_8T_6.1,CCATTCAGGCTGCAAGGGAAGGAACCATCACCCTAAGAGATAGGT TTTTTTTT    ATCTAGAT
planes_8T_6.2,CGTATTGGGCGCTAATGAGTGCTGGAGAATTCGCGCTCCCAGTCG TTTTTTTT    ATCTAGAT
planes_8T_6.3,CAGCCCGACCGCTTGTCCGCCAAAAATCGACGCTCAGATAACGTG TTTTTTTT    ATCTAGAT
planes_8T_6.4,TATGAGTAAACTTACGCTCAGAGCTCTTGATCCGGCGGCGGTGTT TTTTTTTT    ATCTAGAT
planes_8T_6.5,ATCGTTGTCAGAATGGTGTCAAGAAGTGGTCCTGCAATACGGGTA TTTTTTTT    ATCTAGAT
planes_8T_6.6,CTCATGAGCGGATGAGCAAAAAAACGTTCTTCGGGGACCAAGTCG TTTTTTTT    ATCTAGAT
planes_8T_8.1,CGACGGCCAGTGATTGTAAAAATGCGCCGCTACAGAAGGAGCGCG TTTTTTTT    ATTATAAT
planes_8T_8.2,GGCTCCGCCCCCCGAACATGATCGGCCAACGCGCGTCACATTAAA TTTTTTTT    ATTATAAT
planes_8T_8.3,CAGTTACCTTCGGGTTCTTGAAGCTGGGCTGTGTGCTTCGGGATA TTTTTTTT    ATTATAAT
planes_8T_8.4,ACCAGCCAGCCGGACCATCTAAATGAAGTTTTAAAAAAACTCAGC TTTTTTTT    ATTATAAT
planes_8T_8.5,GAACTTTAAAAGTAGAATAGAAAAAAGCGGTTAGCCGTTTGGTAA TTTTTTTT    ATTATAAT
planes_8T_8.6,TCTATCAGGGCGATGTTGTTTATTATTGAAGCATTGGCAAAATCA TTTTTTTT    ATTATAAT
planes_8T_10.1,GCGTAACCACCACGGGCGCTGTGGACTCCAACGTCAGGAACAATT TTTTTTTT    TCTATAGA
planes_8T_10.2,ACCTGTCGTGCCATGCGCTCAATTCGCGCTTGGCGTCCAGTGAGC TTTTTTTT    TCTATAGA
planes_8T_10.3,TCAGTTCGGTGTACGCTTTCTAAAAGGCCGCGTTGCAAGGCCAAA TTTTTTTT    TCTATAGA
planes_8T_10.4,TCTTCACCTAGATGGATTTTGCAGTATTTGGTATCTGGCCTAATC TTTTTTTT    TCTATAGA
planes_8T_10.5,GAGTTACATGATCCATTCAGCGCTCACCGGCTCCAGGTGCTGCGA TTTTTTTT    TCTATAGA
planes_8T_10.6,GAATACTCATACTAAAAGGGACAATACGGGATAATAGGCGACCGC TTTTTTTT    TCTATAGA
