mini_scaffold_SCAF18[25]18[66],TTCTGTGCTGTGCCACCGCCGTGTACCAAGCA
mini_scaffold_SCAF22[25]22[66],CAGTGTTGTGTGCCAATCCACGGAGGGCGATG
mini_scaffold_SCAF26[25]26[66],CTCAGATGCGGATACTGAGGCACCGGGCAGGG
mini_scaffold_SCAF20[46]20[87],GGCCTAATGGTGACCCGCAACGGTGCTAGCAG
mini_scaffold_SCAF24[46]24[87],GCTGACTTCGATGAGGTCGGGAACTGCACGCC
mini_scaffold_SCAF28[46]28[87],GCGATCGACATCCGACCTAGCCCCCCAGGTTC
mini_scaffold_SCAF18[67]18[108],GGCCGCCCAGTCCCAGATATGCTATCCGGAAC
mini_scaffold_SCAF22[67]22[108],GAACCGAGGATCCCTGAGAGAGGAGCGGGGCC
mini_scaffold_SCAF26[67]26[108],GTGGGAAACGGGGTCGCAAATTGGGGCACTCC
mini_scaffold_SCAF20[88]20[129],TCGTCCGTTCCCTATGGGCAGCACGGTTCAGG
mini_scaffold_SCAF24[88]24[129],GGTCTCTGTGTCACTCCCGAACCCAGGTGCGC
mini_scaffold_SCAF28[88]28[129],CCGCTGTGTGGGTGAGCCGGATCGCATAACTG
mini_scaffold_SCAF18[109]18[150],GCAGGGGCCGCTTCAGGTGAACCTTCTGGCA
mini_scaffold_SCAF22[109]22[150],TGCGGCTCTCTGTGTCCAAGCTGACAGGCTCC
mini_scaffold_SCAF26[109]26[150],GCCCCACATTGGACAACGTACGACCGCAGCAA
mini_scaffold_SCAF20[130]20[171],GATCCCCGAGCAGGTCGATAACCGCCCACTCC
mini_scaffold_SCAF24[130]24[171],TTGTTACCAATCGCCCATGCCACCGCTCGACG
mini_scaffold_SCAF28[130]28[171],GTCCGGATTCCTATCAGCGGCGCGTAATCCCG
mini_scaffold_SCAF18[151]18[192],AGAACTCAGGTAGCGGCCCAGCCAGCCCACAT
mini_scaffold_SCAF22[151]22[192],TTGAGCAAATCCCAGGTCTCGCGCATCGGCCA
mini_scaffold_SCAF26[151]26[192],GCAGTGCCAACAAGTGAACGCCACGGTTCGTC
mini_scaffold_SCAF20[172]20[213],CTCGGGTGTTCATCGGCGGCTCAGAGCACTAC
mini_scaffold_SCAF24[172]24[213],GCTCGGTTGATGCGGTGGCGGAGAAACTGAGG
mini_scaffold_SCAF28[172]28[213],CCAGTACGCCGGGCCCAGTCTCATCGAGAGGT
mini_scaffold_SCAF18[193]18[234],CGACAGACTGCTGGCTAGCCGCGGTAGGTTGT
mini_scaffold_SCAF22[193]22[234],CCAAGTAGGGAGTGGGGATAGCCGAGTGCGCC
mini_scaffold_SCAF26[193]26[234],GCCTGCTCGCCCCGTGATTTCTGGGAACGAAG
mini_scaffold_SCAF20[214]20[255],GACCTCCGAAAGATCCCTCAGCCACCACGCCC
mini_scaffold_SCAF24[214]24[255],CCTGGGATCGGGCAGATGGGGTTCGCGTCTAG
mini_scaffold_SCAF28[214]28[255],CCAGTACGCCGGGCCCAGTCTCATCGAGAGGT
mini_scaffold_SCAF18[235]18[24],GCGATGGAGCCTTTGCTGCGACAGTAACGCTC
mini_scaffold_SCAF22[235]22[24],AAGCACTCGGTATCCTGAGAGTCAGCCCGCCC
mini_scaffold_SCAF26[235]26[24],GCGCTCGGCATTCTGAGAAGACATCGGTCCGG
mini_scaffold_SCAF20[256]20[45],GAGAACACGTTAGTAGACCGCTCGCCGAGGCC
mini_scaffold_SCAF24[256]24[45],GCCCCAAGATGTGTGTCTCGGTTCACGGCGGA
mini_scaffold_SCAF28[256]28[45],GGCATGCGCGATCACAGGCTTTTGACTGCGTC
core_ST18[34]11[34],GCACAGAAGAGCGTTATGGAGTCCACTATTAAAGAA
core_ST20[34]9[34],CGAGCGGTCTACTAACAACCAGTTTAAGGGCGAAAA
core_ST22[34]7[34],CAACACTGGGGCGGGCTTGGTTGAGTGGCCCACTAC
core_ST24[34]5[34],GAACCGAGACACACATTGATAGACCTCAAGTTTTTT
core_ST26[34]3[34],CATCTGAGCCGGACCGTTTATAAATAAGCACTAAAT
core_ST28[34]1[34],CAAAAGCCTGTGATCGACTCGGCAACCCCCGATTTA
core_ST3[35]26[35],CGCCGGCGAGGCCTCTTCGCGGTGCCTCAGTATCCG
core_ST5[35]24[35],GGAGAAAGGGCAACTGTTGGAAGTCAGCTCCGCCGT
core_ST9[35]20[35],ACGGCGCTAACCCGCCGCGCATTAGGCCGGCCTCGG
core_ST11[35]18[35],CGGCAAGTGTAGCGGTCACGACACGGCGGTGGCACA
core_ST18[76]11[76],GGGCGGCCTGCTTGGTCTGCGAATTCTAAGCCTGGA
core_ST20[76]9[76],ACCGTTGCGGGTCACCTTACGACGGAATCATGGTGT
core_ST22[76]7[76],CTCGGTTCCATCGCCCTTCACGACGGCGAATTCTAA
core_ST24[76]5[76],GTTCCCGACCTCATCGGAAGGGTTTTTGGCGTAATC
core_ST26[76]3[76],TTTCCCACCCCTGCCCTAAGTTGGGCTGTGTGAAAT
core_ST28[76]1[76],GGGGCTAGGTCGGATGTGCTGCAAGTCCACACAACA
core_ST1[77]28[77],TACGAGCCGGTATCAGCTCACACAGCGGGAACCTGG
core_ST3[77]26[77],TGAAGTGTAGCGCTCGGTCGCCAATTTGCGACCCCG
core_ST5[77]24[77],ATGGTGCCTCTTCCGCTTCCCAGAGACCGGCGTGCA
core_ST7[77]22[77],GCAGCTAACGGGAGAGGCGGTCCTCTCTCAGGGATC
core_ST9[77]20[77],AAATTGCGTGCTGCATTAATACGGACGACTGCTAGC
core_ST11[77]18[77],GACTGCCCGCTTTCCAGTCGTAGCATATCTGGGACT
core_ST18[118]11[118],GCCCCTGCGTTCCGGAGGGCAAAAGGCCAGGAACCG
core_ST20[118]9[118],GTGCTGCCCATAGGGAGATGAGCAATGGCGTTTTTC
core_ST22[118]7[118],GAGCCGCAGGCCCCGCTTCAGGAAATGACGAGCATC
core_ST24[118]5[118],GGGTTCGGGAGTGACATCATCAGGGAGTCAGAGGTG
core_ST26[118]3[118],TGTGGGGCGGAGTGCCTTCGGTTATTATAAAGATAC
core_ST28[118]1[118],CGATCCGGCTCACCCACTCAAAGGCAAGCTCCCTCG
core_ST3[119]26[119],CAACCCTGCGTCCAACCCGGGTCGTACGTTGTCCAA
core_ST5[119]24[119],GCGGATACCGCGCCTTATCCGGTAACAAGCGCACCT
core_ST7[119]22[119],ACTTTCTCCCACGAACCCCCTCAGCTTGGACACAGA
core_ST9[119]20[119],CAAGCGTGGGGTCGTTCGCTCGGGGATCCCTGAACC
core_ST11[119]18[119],TACATAGCTCACGCTGTAGGAGGTTCACCTGAAGCG
core_ST18[160]11[160],TGAGTTCTATGCCAGATACTACGGCTACACTAGAAG
core_ST20[160]9[160],CGGTTATCGACCTGCTCCAAGTGGTGCGCTCTGCTG
core_ST22[160]7[160],TTGCTCAAGGAGCCTGCGCTACAGAAAAAAGAGTTG
core_ST24[160]5[160],GGTGGCATGGGCGATTGGGTATGTAAAACAAACCAC
core_ST26[160]3[160],GGCACTGCTTGCTGCGTAATTAGCATTTTTGTTTGC
core_ST28[160]1[160],CGCGCCGCTGATAGGAAGCCACTGGCAGAAAAAAAG
core_ST1[161]28[161],GATCTCAAGTTTCGTTCATCCGTACTGGCGGGATTA
core_ST3[161]26[161],AATTGATCTTGAGGCACCTAGTGGCGTTCACTTGTT
core_ST5[161]24[161],CGGGGTCTGGGTCTGACAGTAACCGAGCCGTCGAGC
core_ST7[161]22[161],GTTGGAACGTCAATCTAAAGGCGCGAGACCTGGGAT
core_ST9[161]20[161],AACGTTAAGCCTTTTAAATTCACCCGAGGGAGTGGG
core_ST11[161]18[161],AAGTCATGAGATTATCAAAATGGCTGGGCCGCTACC
core_ST18[202]11[202],GTCTGTCGATGTGGGCAGAATGATACCGCGTGACCC
core_ST20[202]9[202],CTGAGCCGCCGATGAAAAGGCCCCAATTTATCAGCA
core_ST22[202]7[202],CTACTTGGTGGCCGATTAAGGGCTTAAGGGCCGAGC
core_ST24[202]5[202],TCTCCGCCACCGCATCTAAACTACGACTTTATCCGC
core_ST26[202]3[202],GAGCAGGCGACGAACCTCCCCGTCGATTGTTGCCGG
core_ST28[202]1[202],ATGAGACTGGGCCCGGCATAGTTGCTTCGCCAGTTA
core_ST3[203]26[203],GAGTTGCCAGGTTATGGCAGCCAGAAATCACGGGGC
core_ST5[203]24[203],CTGGCATCGGTAAGTTGGCCATCCCAGGCCTCAGTT
core_ST7[203]22[203],GCCGCTCGTTCCTTCGGTCCCGGCTATCCCCACTCC
core_ST9[203]20[203],ATATGGCTTCCCCATGTTGTCGGAGGTCGTAGTGCT
core_ST11[203]18[203],ACTCCGGTTCCCAACGATCACCGCGGCTAGCCAGCA
core_ST18[244]11[244],TCCATCGCACAACCTAAGGAGTTGCTCTTGCCCGGC
core_ST20[244]9[244],TGGCTGAGGGATCTTTGCTGTATGCCCGCGCCACAT
core_ST22[244]7[244],GAGTGCTTGGCGCACTTCCATTCTGGCTCATCATTG
core_ST24[244]5[244],GAACCCCATCTGCCCGGCGTACTCACGAAAACTCTC
core_ST26[244]3[244],CCGAGCGCCTTCGTTCCATCTGTGATGAGATCCAGT
core_ST28[244]1[244],ATGAGACTGGGCCCGGATCCGTAAGTGCACCCAACT
core_ST1[245]28[245],GATCTTCAGCGAAAAGTGCCCGCATGCCACCTCTCG
core_ST3[245]26[245],TCACTTTCAACAAATAGGGGATGTCTTCTCAGAATG
core_ST5[245]24[245],AATCTGGGTACATATTTGAACTTGGGGCCTAGACGC
core_ST7[245]22[245],GAACAGGAATATCAGGGTTATGACTCTCAGGATACC
core_ST9[245]20[245],AGGCCGCAACTTCCTTTTTCGTGTTCTCGGGCGTGG
core_ST11[245]18[245],GTATAAGGGCGACACGGAAACTGTCGCAGCAAAGGC
,
optional_handle_1,GAGCTTGACAAAGGGGGATGTCGATCGCGACGCAGT
optional_handle_2,TGCGCTCTCCCACTGGCAGCATCCGGACCAGTTATG
optional_handle_3,ATAGTTTGCACTGTCATGCCCGTACTGGACCTCTCG
,
Atto655 (at 5'), TTGTAAAGCGAGGCGCGTCCCATCCGTGGATTGGCACA

