dummy_connectors_2.6,GCGCACATTTCCCCATCTTTTGATGTAACCCACTCGATGCTTTCT
dummy_connectors_6.6,CTCATGAGCGGATGAGCAAAAAAACGTTCTTCGGGGACCAAGTCG
dummy_connectors_10.6,GAATACTCATACTAAAAGGGACAATACGGGATAATAGGCGACCGC
dummy_connectors_4.6,TCGAGGTGCCGTACAAAAGATATTTAGAAAAATAACCAGCGTTGG
dummy_connectors_8.6,TCTATCAGGGCGATGTTGTTTATTATTGAAGCATTGGCAAAATCA
dummy_connectors_2.1,ACGCCAGCTGGCGGGGGAAAGGAACCCTAAAGGGAGAATCCCTCC
dummy_connectors_6.1,CCATTCAGGCTGCAAGGGAAGGAACCATCACCCTAAGAGATAGGT
dummy_connectors_10.1,GCGTAACCACCACGGGCGCTGTGGACTCCAACGTCAGGAACAATT
dummy_connectors_4.1,TCATAGCTGTTTCTAACGCCAGGGCGATCGGTGCGACGTGGCGGG
dummy_connectors_8.1,CGACGGCCAGTGATTGTAAAAATGCGCCGCTACAGAAGGAGCGCG
dummy_connectors_2.2,GCTGCGGCGAGCGGAAGCATATTATCCGCTCACAATGCGATTATT
dummy_connectors_6.2,CGTATTGGGCGCTAATGAGTGCTGGAGAATTCGCGCTCCCAGTCG
dummy_connectors_10.2,ACCTGTCGTGCCATGCGCTCAATTCGCGCTTGGCGTCCAGTGAGC
dummy_connectors_4.2,AACCCGACAGGACCCACAGAGCTCACTGACTCGCTAAGCCTGGGG
dummy_connectors_8.2,GGCTCCGCCCCCCGAACATGATCGGCCAACGCGCGTCACATTAAA
dummy_connectors_2.3,ACACGACTTATCGCTGTTCCGGGCGTTTCCCCCTGGGGTAATACG
dummy_connectors_6.3,CAGCCCGACCGCTTGTCCGCCAAAAATCGACGCTCAGATAACGTG
dummy_connectors_10.3,TCAGTTCGGTGTACGCTTTCTAAAAGGCCGCGTTGCAAGGCCAAA
dummy_connectors_4.3,GGTAGCGGTGGTTGAGCGAGTAACTATCGTCTTGACGCTTACCGA
dummy_connectors_8.3,CAGTTACCTTCGGGTTCTTGAAGCTGGGCTGTGTGCTTCGGGATA
dummy_connectors_2.4,AGCGATCTGTCTAAAGATCCTGCAGCAGATTACGCGTAACAGGAG
dummy_connectors_6.4,TATGAGTAAACTTACGCTCAGAGCTCTTGATCCGGCGGCGGTGTT
dummy_connectors_10.4,TCTTCACCTAGATGGATTTTGCAGTATTTGGTATCTGGCCTAATC
dummy_connectors_4.4,ATCCAGTCTATTATGTAGATCCAATGCTTAATCAGTTTCTACGCT
dummy_connectors_8.4,ACCAGCCAGCCGGACCATCTAAATGAAGTTTTAAAAAAACTCAGC
dummy_connectors_2.5,GCATAATTCTCTTGCAACGTTAGCTAGAGTAAGTAGCTGACTCTC
dummy_connectors_6.5,ATCGTTGTCAGAATGGTGTCAAGAAGTGGTCCTGCAATACGGGTA
dummy_connectors_10.5,GAGTTACATGATCCATTCAGCGCTCACCGGCTCCAGGTGCTGCGA
dummy_connectors_4.5,ATCTTACCGCTGTCTGGTGAAGTGTTATCACTCATTTGCTACACC
dummy_connectors_8.5,GAACTTTAAAAGTAGAATAGAAAAAAGCGGTTAGCCGTTTGGTAA
