top_handle_3,TGAGTTCTATGCCAGATACTACGGCTACACTAGAAG
top_handle_2,GCCCCTGCGTTCCGGAGGGCAAAAGGCCAGGAACCG
top_handle_1,GGGCGGCCTGCTTGGTCTGCGAATTCTAAGCCTGGA
bottom_handle_1,TACGAGCCGGTATCAGCTCACACAGCGGGAACCTGG
bottom_handle_2,GATCTCAAGTTTCGTTCATCCGTACTGGCGGGATTA
bottom_handle_3,GATCTTCAGCGAAAAGTGCCCGCATGCCACCTCTCG
,
top_handle_3_T,TGAGTTCTATGCCAGATACTACGGCTACACTAGAAG TTTTTTTTTTTTTTTTTTTT
top_handle_2_T,GCCCCTGCGTTCCGGAGGGCAAAAGGCCAGGAACCG TTTTTTTTTTTTTTTTTTTT
top_handle_1_T,GGGCGGCCTGCTTGGTCTGCGAATTCTAAGCCTGGA TTTTTTTTTTTTTTTTTTTT
bottom_handle_1_T,TACGAGCCGGTATCAGCTCACACAGCGGGAACCTGG TTTTTTTTTTTTTTTTTTTT
bottom_handle_2_T,GATCTCAAGTTTCGTTCATCCGTACTGGCGGGATTA TTTTTTTTTTTTTTTTTTTT
bottom_handle_3_T,GATCTTCAGCGAAAAGTGCCCGCATGCCACCTCTCG TTTTTTTTTTTTTTTTTTTT
,
top_handle_3_A,TGAGTTCTATGCCAGATACTACGGCTACACTAGAAG AAAAAAAAAAAAAAAAAAAA
top_handle_2_A,GCCCCTGCGTTCCGGAGGGCAAAAGGCCAGGAACCG AAAAAAAAAAAAAAAAAAAA
top_handle_1_A,GGGCGGCCTGCTTGGTCTGCGAATTCTAAGCCTGGA AAAAAAAAAAAAAAAAAAAA
bottom_handle_1_A,TACGAGCCGGTATCAGCTCACACAGCGGGAACCTGG AAAAAAAAAAAAAAAAAAAA
bottom_handle_2_A,GATCTCAAGTTTCGTTCATCCGTACTGGCGGGATTA AAAAAAAAAAAAAAAAAAAA
bottom_handle_3_A,GATCTTCAGCGAAAAGTGCCCGCATGCCACCTCTCG AAAAAAAAAAAAAAAAAAAA
,
top_handle_3_R1,TGAGTTCTATGCCAGATACTACGGCTACACTAGAAG TCCTCCTCCTCCTCCTCCT
top_handle_2_R1,GCCCCTGCGTTCCGGAGGGCAAAAGGCCAGGAACCG TCCTCCTCCTCCTCCTCCT
top_handle_1_R1,GGGCGGCCTGCTTGGTCTGCGAATTCTAAGCCTGGA TCCTCCTCCTCCTCCTCCT
bottom_handle_1_R1,TACGAGCCGGTATCAGCTCACACAGCGGGAACCTGG TCCTCCTCCTCCTCCTCCT
bottom_handle_2_R1,GATCTCAAGTTTCGTTCATCCGTACTGGCGGGATTA TCCTCCTCCTCCTCCTCCT
bottom_handle_3_R1,GATCTTCAGCGAAAAGTGCCCGCATGCCACCTCTCG TCCTCCTCCTCCTCCTCCT
,
top_handle_3_unique,TGAGTTCTATGCCAGATACTACGGCTACACTAGAAG TTTTCTCTTCCTTTCTTCTT
top_handle_2_unique,GCCCCTGCGTTCCGGAGGGCAAAAGGCCAGGAACCG AACCCACAATAATAACAAAA
top_handle_1_unique,GGGCGGCCTGCTTGGTCTGCGAATTCTAAGCCTGGA CAAACACAATAACACAATAA
bottom_handle_1_unique,TACGAGCCGGTATCAGCTCACACAGCGGGAACCTGG CTCTTCTCTCTCATCTCCAC
bottom_handle_2_unique,GATCTCAAGTTTCGTTCATCCGTACTGGCGGGATTA CACTCTATTCTCTCTCTCAC
bottom_handle_3_unique,GATCTTCAGCGAAAAGTGCCCGCATGCCACCTCTCG AGACAGTGACAGATAGGCGA