tubes_v1_not_used_connector_staples_4.1, TCATAGCTGTTTCTAACGCCAGGGCGATCGGTGCGACGTGGCGGG
tubes_v1_not_used_connector_staples_4.2, AACCCGACAGGACCCACAGAGCTCACTGACTCGCTAAGCCTGGGG
tubes_v1_not_used_connector_staples_4.3, GGTAGCGGTGGTTGAGCGAGTAACTATCGTCTTGACGCTTACCGA
tubes_v1_not_used_connector_staples_4.4, ATCCAGTCTATTATGTAGATCCAATGCTTAATCAGTTTCTACGCT
tubes_v1_not_used_connector_staples_4.5, ATCTTACCGCTGTCTGGTGAAGTGTTATCACTCATTTGCTACACC
tubes_v1_not_used_connector_staples_4.6, TCGAGGTGCCGTACAAAAGATATTTAGAAAAATAACCAGCGTTGG
tubes_v1_not_used_connector_staples_8.1, CGACGGCCAGTGATTGTAAAAATGCGCCGCTACAGAAGGAGCGCG
tubes_v1_not_used_connector_staples_8.2, GGCTCCGCCCCCCGAACATGATCGGCCAACGCGCGTCACATTAAA
tubes_v1_not_used_connector_staples_8.3, CAGTTACCTTCGGGTTCTTGAAGCTGGGCTGTGTGCTTCGGGATA
tubes_v1_not_used_connector_staples_8.4, ACCAGCCAGCCGGACCATCTAAATGAAGTTTTAAAAAAACTCAGC
tubes_v1_not_used_connector_staples_8.5, GAACTTTAAAAGTAGAATAGAAAAAAGCGGTTAGCCGTTTGGTAA
tubes_v1_not_used_connector_staples_8.6, TCTATCAGGGCGATGTTGTTTATTATTGAAGCATTGGCAAAATCA
,
tubes_v1_planar_faces_8T_2.1, ACGCCAGCTGGCGGGGGAAAGGAACCCTAAAGGGAGAATCCCTCC TTTTTTTT TGTATACA
tubes_v1_planar_faces_8T_6.1, CCATTCAGGCTGCAAGGGAAGGAACCATCACCCTAAGAGATAGGT TTTTTTTT ATCTAGAT
tubes_v1_planar_faces_8T_10.1,GCGTAACCACCACGGGCGCTGTGGACTCCAACGTCAGGAACAATT TTTTTTTT TCTATAGA
tubes_v1_planar_faces_8T_2.4, AGCGATCTGTCTAAAGATCCTGCAGCAGATTACGCGTAACAGGAG TTTTTTTT TGTATACA
tubes_v1_planar_faces_8T_6.4, TATGAGTAAACTTACGCTCAGAGCTCTTGATCCGGCGGCGGTGTT TTTTTTTT ATCTAGAT
tubes_v1_planar_faces_8T_10.4,TCTTCACCTAGATGGATTTTGCAGTATTTGGTATCTGGCCTAATC TTTTTTTT TCTATAGA
,
tubes_v1_constantGCGC_f1_8T_2.2, GCTGCGGCGAGCGGAAGCATATTATCCGCTCACAATGCGATTATT TTTTTTTT GCGC
tubes_v1_constantGCGC_f1_8T_2.5, GCATAATTCTCTTGCAACGTTAGCTAGAGTAAGTAGCTGACTCTC TTTTTTTT GCGC
tubes_v1_constantGCGC_f2_8T_2.3, ACACGACTTATCGCTGTTCCGGGCGTTTCCCCCTGGGGTAATACG TTTTTTTT GCGC
tubes_v1_constantGCGC_f2_8T_2.6, GCGCACATTTCCCCATCTTTTGATGTAACCCACTCGATGCTTTCT TTTTTTTT GCGC
,
,
,
,
,
tubes_v1_XS_f1_8T_6.2, CGTATTGGGCGCTAATGAGTGCTGGAGAATTCGCGCTCCCAGTCG TTTTTTTTTTTTTTTTTTT TAGCTA
tubes_v1_XS_f1_8T_10.2,ACCTGTCGTGCCATGCGCTCAATTCGCGCTTGGCGTCCAGTGAGC TTTTTTTTTTTTTTTTTTTTTTTTTTTTTTTTTTTTT ATGATCAT
tubes_v1_XS_f1_8T_6.5, ATCGTTGTCAGAATGGTGTCAAGAAGTGGTCCTGCAATACGGGTA TTTTTTTTTTTTTTTTTTT TAGCTA
tubes_v1_XS_f1_8T_10.5,GAGTTACATGATCCATTCAGCGCTCACCGGCTCCAGGTGCTGCGA TTTTTTTTTTTTTTTTTTTTTTTTTTTTTTTTTTTTT ATGATCAT
tubes_v1_XS_f2_8T_6.3, CAGCCCGACCGCTTGTCCGCCAAAAATCGACGCTCAGATAACGTG TTTTTTTTTTTTTTTTTTT GCATGC
tubes_v1_XS_f2_8T_10.3,TCAGTTCGGTGTACGCTTTCTAAAAGGCCGCGTTGCAAGGCCAAA TTTTTTTTTTTTTTTTTTTTTTTTTTTTTTTTTTTTT ATTATAAT
tubes_v1_XS_f2_8T_6.6, CTCATGAGCGGATGAGCAAAAAAACGTTCTTCGGGGACCAAGTCG TTTTTTTTTTTTTTTTTTT GCATGC
tubes_v1_XS_f2_8T_10.6,GAATACTCATACTAAAAGGGACAATACGGGATAATAGGCGACCGC TTTTTTTTTTTTTTTTTTTTTTTTTTTTTTTTTTTTT ATTATAAT
,
tubes_v1_S_f1_8T_6.2, CGTATTGGGCGCTAATGAGTGCTGGAGAATTCGCGCTCCCAGTCG TTTTTTTTTTTTTT TAGCTA
tubes_v1_S_f1_8T_10.2,ACCTGTCGTGCCATGCGCTCAATTCGCGCTTGGCGTCCAGTGAGC TTTTTTTTTTTTTTTTTTTTTTT ATGATCAT
tubes_v1_S_f1_8T_6.5, ATCGTTGTCAGAATGGTGTCAAGAAGTGGTCCTGCAATACGGGTA TTTTTTTTTTTTTT TAGCTA
tubes_v1_S_f1_8T_10.5,GAGTTACATGATCCATTCAGCGCTCACCGGCTCCAGGTGCTGCGA TTTTTTTTTTTTTTTTTTTTTTT ATGATCAT
tubes_v1_S_f2_8T_6.3, CAGCCCGACCGCTTGTCCGCCAAAAATCGACGCTCAGATAACGTG TTTTTTTTTTTTTT GCATGC
tubes_v1_S_f2_8T_10.3,TCAGTTCGGTGTACGCTTTCTAAAAGGCCGCGTTGCAAGGCCAAA TTTTTTTTTTTTTTTTTTTTTTT ATTATAAT
tubes_v1_S_f2_8T_6.6, CTCATGAGCGGATGAGCAAAAAAACGTTCTTCGGGGACCAAGTCG TTTTTTTTTTTTTT GCATGC
tubes_v1_S_f2_8T_10.6,GAATACTCATACTAAAAGGGACAATACGGGATAATAGGCGACCGC TTTTTTTTTTTTTTTTTTTTTTT ATTATAAT
,
tubes_v1_M_f1_8T_6.2, CGTATTGGGCGCTAATGAGTGCTGGAGAATTCGCGCTCCCAGTCG TTTTTTTTT TAGCTA
tubes_v1_M_f1_8T_10.2,ACCTGTCGTGCCATGCGCTCAATTCGCGCTTGGCGTCCAGTGAGC TTTTTTTTTTTTT ATGATCAT
tubes_v1_M_f1_8T_6.5, ATCGTTGTCAGAATGGTGTCAAGAAGTGGTCCTGCAATACGGGTA TTTTTTTTT TAGCTA
tubes_v1_M_f1_8T_10.5,GAGTTACATGATCCATTCAGCGCTCACCGGCTCCAGGTGCTGCGA TTTTTTTTTTTTT ATGATCAT
tubes_v1_M_f2_8T_6.3, CAGCCCGACCGCTTGTCCGCCAAAAATCGACGCTCAGATAACGTG TTTTTTTTT GCATGC
tubes_v1_M_f2_8T_10.3,TCAGTTCGGTGTACGCTTTCTAAAAGGCCGCGTTGCAAGGCCAAA TTTTTTTTTTTTT ATTATAAT
tubes_v1_M_f2_8T_6.6, CTCATGAGCGGATGAGCAAAAAAACGTTCTTCGGGGACCAAGTCG TTTTTTTTT GCATGC
tubes_v1_M_f2_8T_10.6,GAATACTCATACTAAAAGGGACAATACGGGATAATAGGCGACCGC TTTTTTTTTTTTT ATTATAAT
,
tubes_v1_L_f1_8T_6.2, CGTATTGGGCGCTAATGAGTGCTGGAGAATTCGCGCTCCCAGTCG TTTTTTTTT TAGCTA
tubes_v1_L_f1_8T_10.2,ACCTGTCGTGCCATGCGCTCAATTCGCGCTTGGCGTCCAGTGAGC TTTTTTTTTTT ATGATCAT
tubes_v1_L_f1_8T_6.5, ATCGTTGTCAGAATGGTGTCAAGAAGTGGTCCTGCAATACGGGTA TTTTTTTTT TAGCTA
tubes_v1_L_f1_8T_10.5,GAGTTACATGATCCATTCAGCGCTCACCGGCTCCAGGTGCTGCGA TTTTTTTTTTT ATGATCAT
tubes_v1_L_f2_8T_6.3, CAGCCCGACCGCTTGTCCGCCAAAAATCGACGCTCAGATAACGTG TTTTTTTTT GCATGC
tubes_v1_L_f2_8T_10.3,TCAGTTCGGTGTACGCTTTCTAAAAGGCCGCGTTGCAAGGCCAAA TTTTTTTTTTT ATTATAAT
tubes_v1_L_f2_8T_6.6, CTCATGAGCGGATGAGCAAAAAAACGTTCTTCGGGGACCAAGTCG TTTTTTTTT GCATGC
tubes_v1_L_f2_8T_10.6,GAATACTCATACTAAAAGGGACAATACGGGATAATAGGCGACCGC TTTTTTTTTTT ATTATAAT
,
tubes_v1_XL_f1_8T_6.2, CGTATTGGGCGCTAATGAGTGCTGGAGAATTCGCGCTCCCAGTCG TTTTTTTTT TAGCTA
tubes_v1_XL_f1_8T_10.2,ACCTGTCGTGCCATGCGCTCAATTCGCGCTTGGCGTCCAGTGAGC TTTTTTTTTT ATGATCAT
tubes_v1_XL_f1_8T_6.5, ATCGTTGTCAGAATGGTGTCAAGAAGTGGTCCTGCAATACGGGTA TTTTTTTTT TAGCTA
tubes_v1_XL_f1_8T_10.5,GAGTTACATGATCCATTCAGCGCTCACCGGCTCCAGGTGCTGCGA TTTTTTTTTT ATGATCAT
tubes_v1_XL_f2_8T_6.3, CAGCCCGACCGCTTGTCCGCCAAAAATCGACGCTCAGATAACGTG TTTTTTTTT GCATGC
tubes_v1_XL_f2_8T_10.3,TCAGTTCGGTGTACGCTTTCTAAAAGGCCGCGTTGCAAGGCCAAA TTTTTTTTTT ATTATAAT
tubes_v1_XL_f2_8T_6.6, CTCATGAGCGGATGAGCAAAAAAACGTTCTTCGGGGACCAAGTCG TTTTTTTTT GCATGC
tubes_v1_XL_f2_8T_10.6,GAATACTCATACTAAAAGGGACAATACGGGATAATAGGCGACCGC TTTTTTTTTT ATTATAAT
,
tubes_v1_XXL_f1_8T_6.2, CGTATTGGGCGCTAATGAGTGCTGGAGAATTCGCGCTCCCAGTCG TTTTTTTT TAGCTA
tubes_v1_XXL_f1_8T_10.2,ACCTGTCGTGCCATGCGCTCAATTCGCGCTTGGCGTCCAGTGAGC TTTTTTTTT ATGATCAT
tubes_v1_XXL_f1_8T_6.5, ATCGTTGTCAGAATGGTGTCAAGAAGTGGTCCTGCAATACGGGTA TTTTTTTT TAGCTA
tubes_v1_XXL_f1_8T_10.5,GAGTTACATGATCCATTCAGCGCTCACCGGCTCCAGGTGCTGCGA TTTTTTTTT ATGATCAT
tubes_v1_XXL_f2_8T_6.3, CAGCCCGACCGCTTGTCCGCCAAAAATCGACGCTCAGATAACGTG TTTTTTTT GCATGC
tubes_v1_XXL_f2_8T_10.3,TCAGTTCGGTGTACGCTTTCTAAAAGGCCGCGTTGCAAGGCCAAA TTTTTTTTT ATTATAAT
tubes_v1_XXL_f2_8T_6.6, CTCATGAGCGGATGAGCAAAAAAACGTTCTTCGGGGACCAAGTCG TTTTTTTT GCATGC
tubes_v1_XXL_f2_8T_10.6,GAATACTCATACTAAAAGGGACAATACGGGATAATAGGCGACCGC TTTTTTTTT ATTATAAT
