container_2T_XS_2.1,ACGCCAGCTGGCGGGGGAAAGGAACCCTAAAGGGAGAATCCCTCCTTGCGC
container_2T_XS_2.2,GCTGCGGCGAGCGGAAGCATATTATCCGCTCACAATGCGATTATTTTGCGC
container_2T_XS_2.3,ACACGACTTATCGCTGTTCCGGGCGTTTCCCCCTGGGGTAATACGTTGCGC
container_2T_XS_2.4,AGCGATCTGTCTAAAGATCCTGCAGCAGATTACGCGTAACAGGAGTTGCGC
container_2T_XS_2.5,GCATAATTCTCTTGCAACGTTAGCTAGAGTAAGTAGCTGACTCTCTTGCGC
container_2T_XS_2.6,GCGCACATTTCCCCATCTTTTGATGTAACCCACTCGATGCTTTCTTTGCGC
container_2T_XS_4.1,TCATAGCTGTTTCTAACGCCAGGGCGATCGGTGCGACGTGGCGGGTTTTTAGCTA
container_2T_XS_4.2,AACCCGACAGGACCCACAGAGCTCACTGACTCGCTAAGCCTGGGGTTTTTAGCTA
container_2T_XS_4.3,GGTAGCGGTGGTTGAGCGAGTAACTATCGTCTTGACGCTTACCGATTTTTAGCTA
container_2T_XS_4.4,ATCCAGTCTATTATGTAGATCCAATGCTTAATCAGTTTCTACGCTTTTTTAGCTA
container_2T_XS_4.5,ATCTTACCGCTGTCTGGTGAAGTGTTATCACTCATTTGCTACACCTTTTTAGCTA
container_2T_XS_4.6,TCGAGGTGCCGTACAAAAGATATTTAGAAAAATAACCAGCGTTGGTTTTTAGCTA
container_2T_XS_6.1,CCATTCAGGCTGCAAGGGAAGGAACCATCACCCTAAGAGATAGGTTTTTTTTTGCATGC
container_2T_XS_6.2,CGTATTGGGCGCTAATGAGTGCTGGAGAATTCGCGCTCCCAGTCGTTTTTTTTGCATGC
container_2T_XS_6.3,CAGCCCGACCGCTTGTCCGCCAAAAATCGACGCTCAGATAACGTGTTTTTTTTGCATGC
container_2T_XS_6.4,TATGAGTAAACTTACGCTCAGAGCTCTTGATCCGGCGGCGGTGTTTTTTTTTTGCATGC
container_2T_XS_6.5,ATCGTTGTCAGAATGGTGTCAAGAAGTGGTCCTGCAATACGGGTATTTTTTTTGCATGC
container_2T_XS_6.6,CTCATGAGCGGATGAGCAAAAAAACGTTCTTCGGGGACCAAGTCGTTTTTTTTGCATGC
container_2T_XS_8.1,CGACGGCCAGTGATTGTAAAAATGCGCCGCTACAGAAGGAGCGCGTTTTTTTTTTTTATGATCAT
container_2T_XS_8.2,GGCTCCGCCCCCCGAACATGATCGGCCAACGCGCGTCACATTAAATTTTTTTTTTTTATGATCAT
container_2T_XS_8.3,CAGTTACCTTCGGGTTCTTGAAGCTGGGCTGTGTGCTTCGGGATATTTTTTTTTTTTATGATCAT
container_2T_XS_8.4,ACCAGCCAGCCGGACCATCTAAATGAAGTTTTAAAAAAACTCAGCTTTTTTTTTTTTATGATCAT
container_2T_XS_8.5,GAACTTTAAAAGTAGAATAGAAAAAAGCGGTTAGCCGTTTGGTAATTTTTTTTTTTTATGATCAT
container_2T_XS_8.6,TCTATCAGGGCGATGTTGTTTATTATTGAAGCATTGGCAAAATCATTTTTTTTTTTTATGATCAT
container_2T_XS_10.1,GCGTAACCACCACGGGCGCTGTGGACTCCAACGTCAGGAACAATTTTTTTTTTTTTTTTTTTTATTATAAT
container_2T_XS_10.2,ACCTGTCGTGCCATGCGCTCAATTCGCGCTTGGCGTCCAGTGAGCTTTTTTTTTTTTTTTTTTATTATAAT
container_2T_XS_10.3,TCAGTTCGGTGTACGCTTTCTAAAAGGCCGCGTTGCAAGGCCAAATTTTTTTTTTTTTTTTTTATTATAAT
container_2T_XS_10.4,TCTTCACCTAGATGGATTTTGCAGTATTTGGTATCTGGCCTAATCTTTTTTTTTTTTTTTTTTATTATAAT
container_2T_XS_10.5,GAGTTACATGATCCATTCAGCGCTCACCGGCTCCAGGTGCTGCGATTTTTTTTTTTTTTTTTTATTATAAT
container_2T_XS_10.6,GAATACTCATACTAAAAGGGACAATACGGGATAATAGGCGACCGCTTTTTTTTTTTTTTTTTTATTATAAT
,
container_2T_XXL_2.1,ACGCCAGCTGGCGGGGGAAAGGAACCCTAAAGGGAGAATCCCTCCTTGCGC
container_2T_XXL_2.2,GCTGCGGCGAGCGGAAGCATATTATCCGCTCACAATGCGATTATTTTGCGC
container_2T_XXL_2.3,ACACGACTTATCGCTGTTCCGGGCGTTTCCCCCTGGGGTAATACGTTGCGC
container_2T_XXL_2.4,AGCGATCTGTCTAAAGATCCTGCAGCAGATTACGCGTAACAGGAGTTGCGC
container_2T_XXL_2.5,GCATAATTCTCTTGCAACGTTAGCTAGAGTAAGTAGCTGACTCTCTTGCGC
container_2T_XXL_2.6,GCGCACATTTCCCCATCTTTTGATGTAACCCACTCGATGCTTTCTTTGCGC
container_2T_XXL_4.1,TCATAGCTGTTTCTAACGCCAGGGCGATCGGTGCGACGTGGCGGGTTTAGCTA
container_2T_XXL_4.2,AACCCGACAGGACCCACAGAGCTCACTGACTCGCTAAGCCTGGGGTTTAGCTA
container_2T_XXL_4.3,GGTAGCGGTGGTTGAGCGAGTAACTATCGTCTTGACGCTTACCGATTTAGCTA
container_2T_XXL_4.4,ATCCAGTCTATTATGTAGATCCAATGCTTAATCAGTTTCTACGCTTTTAGCTA
container_2T_XXL_4.5,ATCTTACCGCTGTCTGGTGAAGTGTTATCACTCATTTGCTACACCTTTAGCTA
container_2T_XXL_4.6,TCGAGGTGCCGTACAAAAGATATTTAGAAAAATAACCAGCGTTGGTTTAGCTA
container_2T_XXL_6.1,CCATTCAGGCTGCAAGGGAAGGAACCATCACCCTAAGAGATAGGTTTGCATGC
container_2T_XXL_6.2,CGTATTGGGCGCTAATGAGTGCTGGAGAATTCGCGCTCCCAGTCGTTGCATGC
container_2T_XXL_6.3,CAGCCCGACCGCTTGTCCGCCAAAAATCGACGCTCAGATAACGTGTTGCATGC
container_2T_XXL_6.4,TATGAGTAAACTTACGCTCAGAGCTCTTGATCCGGCGGCGGTGTTTTGCATGC
container_2T_XXL_6.5,ATCGTTGTCAGAATGGTGTCAAGAAGTGGTCCTGCAATACGGGTATTGCATGC
container_2T_XXL_6.6,CTCATGAGCGGATGAGCAAAAAAACGTTCTTCGGGGACCAAGTCGTTGCATGC
container_2T_XXL_8.1,CGACGGCCAGTGATTGTAAAAATGCGCCGCTACAGAAGGAGCGCGTTATGATCAT
container_2T_XXL_8.2,GGCTCCGCCCCCCGAACATGATCGGCCAACGCGCGTCACATTAAATTATGATCAT
container_2T_XXL_8.3,CAGTTACCTTCGGGTTCTTGAAGCTGGGCTGTGTGCTTCGGGATATTATGATCAT
container_2T_XXL_8.4,ACCAGCCAGCCGGACCATCTAAATGAAGTTTTAAAAAAACTCAGCTTATGATCAT
container_2T_XXL_8.5,GAACTTTAAAAGTAGAATAGAAAAAAGCGGTTAGCCGTTTGGTAATTATGATCAT
container_2T_XXL_8.6,TCTATCAGGGCGATGTTGTTTATTATTGAAGCATTGGCAAAATCATTATGATCAT
container_2T_XXL_10.1,GCGTAACCACCACGGGCGCTGTGGACTCCAACGTCAGGAACAATTTTTATTATAAT
container_2T_XXL_10.2,ACCTGTCGTGCCATGCGCTCAATTCGCGCTTGGCGTCCAGTGAGCTTTATTATAAT
container_2T_XXL_10.3,TCAGTTCGGTGTACGCTTTCTAAAAGGCCGCGTTGCAAGGCCAAATTTATTATAAT
container_2T_XXL_10.4,TCTTCACCTAGATGGATTTTGCAGTATTTGGTATCTGGCCTAATCTTTATTATAAT
container_2T_XXL_10.5,GAGTTACATGATCCATTCAGCGCTCACCGGCTCCAGGTGCTGCGATTTATTATAAT
container_2T_XXL_10.6,GAATACTCATACTAAAAGGGACAATACGGGATAATAGGCGACCGCTTTATTATAAT
